<?xml version="1.0" encoding="UTF-8"?>
<window id="1131" type="dialog">
	<defaultcontrol always="true">90100</defaultcontrol>
	<coordinates>
		<system>1</system>
		<left>457</left>
		<top>330</top>
	</coordinates>
	<include>dialogeffect</include>
	<controls>
		<control type="image">
			<left>257</left>
			<top>0</top>
			<width>492</width>
			<height>420</height>
			<texture border="40">dialogs/default/bg.png</texture>
		</control>
		<control type="image">
			<left>287</left>
			<top>86</top>
			<width>432</width>
			<height>302</height>
			<texture border="5">dialogs/default/inner.png</texture>
		</control>
		<control type="label" id="1">
			<left>130</left>
			<top>32</top>
			<width>740</width>
			<height>40</height>
			<font>font15_title</font>
			<label>$LOCALIZE[39984]</label>
			<align>center</align>
			<textcolor>dialogheader</textcolor>
		</control>
		<control type="list" id="90100">
			<left>289</left>
			<top>88</top>
			<width>630</width>
			<height>540</height>
			<onup>90100</onup>
			<ondown>90100</ondown>
			<onleft>90100</onleft>
			<onright>60</onright>
			<pagecontrol>60</pagecontrol>
			<scrolltime tween="quadratic" easing="out">200</scrolltime>
			<itemlayout height="60" width="430">
				<control type="image">
					<width>430</width>
					<height>60</height>
					<texture border="1">separator2.png</texture>
				</control>
				<control type="label">
					<width>430</width>
					<height>60</height>
					<textoffsetx>15</textoffsetx>
					<font>font14</font>
					<textcolor>grey2</textcolor>
					<selectedcolor>selected</selectedcolor>
					<align>center</align>
					<aligny>center</aligny>
					<label>$INFO[ListItem.Label]</label>
				</control>
			</itemlayout>
			<focusedlayout height="60" width="430">
				<control type="image">
					<width>430</width>
					<height>60</height>
					<texture border="1">separator2.png</texture>
					<include>VisibleFadeEffect</include>
				</control>
				<control type="image">
					<width>429</width>
					<height>60</height>
					<texture border="5">listselect_fo.png</texture>
					<visible>Control.HasFocus(90100)</visible>
					<include>VisibleFadeEffect</include>
				</control>
				<control type="label">
					<width>430</width>
					<height>60</height>
					<textoffsetx>15</textoffsetx>
					<font>font14</font>
					<textcolor>white</textcolor>
					<selectedcolor>selected</selectedcolor>
					<scroll>true</scroll>
					<align>center</align>
					<aligny>center</aligny>
					<label>$INFO[ListItem.Label]</label>
					<animation effect="fade" start="100" end="70" time="300" tween="sine" easing="inout" condition="!Control.HasFocus(90100)">Conditional</animation>
				</control>
			</focusedlayout>
			<content>
				<item>
					<visible>System.Platform.Android</visible>
					<label>$LOCALIZE[39985]</label>
					<onclick>Dialog.Close(1131)</onclick>
					<onclick>ActivateWindow(10001,androidapp://sources/apps/,return)</onclick>
				</item>
				<item>
					<label>$LOCALIZE[10005]</label>
					<onclick>Dialog.Close(1131)</onclick>
					<onclick>ActivateWindow(10005,Files,return)</onclick>
				</item>
				<item>
					<label>$LOCALIZE[10002]</label>
					<onclick>Dialog.Close(1131)</onclick>
					<onclick>ActivateWindow(10002,Files,return)</onclick>
				</item>
				<item>
					<label>$LOCALIZE[10006]</label>
					<onclick>Dialog.Close(1131)</onclick>
					<onclick>ActivateWindow(10006,Files,return)</onclick>
				</item>
			</content>
		</control>
	</controls>
</window>
