<?xml version="1.0" encoding="UTF-8"?>
<window>
	<defaultcontrol always="true">996</defaultcontrol>
	<animation type="WindowOpen" reversible="false">
		<effect type="zoom" start="150" end="100" center="auto" time="300" tween="cubic" easing="out" />
		<effect type="fade" end="100" time="150" />
	</animation>
	<animation type="WindowClose" reversible="false">
		<effect type="fade" start="100" end="0" time="100" delay="100" />
		<effect type="zoom" start="100" end="130" center="auto" time="200" tween="cubic" easing="in" />
	</animation>
	<coordinates>
		<system>1</system>
		<left>0</left>
		<top>0</top>
	</coordinates>
	<controls>
		<control type="grouplist" id="996">
			<description>grouplist for context buttons</description>
			<left>30</left>
			<top>0</top>
			<width>510</width>
			<height min="60" max="1080">auto</height>
			<itemgap>0</itemgap>
			<include condition="Window.IsActive(programs) + !IsEmpty(Window(Home).Property(Progams.Games))">AdvancedLauncherTrailerButton</include>
			<include>ExtendedContext</include>
			<include>ArtworkContext</include>
			<include>YouTubeContext</include>
		</control>
		<control type="image" id="999">
			<description>background image</description>
			<left>0</left>
			<top>-34</top>
			<width>510</width>
			<height>1148</height>
			<texture border="36">dialog_context.png</texture>
		</control>
		<control type="button" id="1000">
			<description>button template</description>
			<left>0</left>
			<top>0</top>
			<width>450</width>
			<height>60</height>
			<font>font14</font>
			<align>left</align>
			<textoffsetx>15</textoffsetx>
			<textcolor>grey2</textcolor>
			<focusedcolor>white</focusedcolor>
			<texturefocus border="5">button_middle_focus.png</texturefocus>
			<texturenofocus border="5">button_middle3.png</texturenofocus>
		</control>
	</controls>
</window>